{
  "bounding_polygon": [
    [
      -2,
      -2.0
    ],
    [
      33,
      -1
    ],
    [
      34,
      39
    ],
    [
      0,
      35
    ]
  ],
  "goal_positions": [
    [
      10.0,
      20.0
    ],
    [
      10.15192246987792,
      18.263518223330696
    ],
    [
      10.603073792140915,
      16.579798566743314
    ],
    [
      11.339745962155613,
      15.0
    ],
    [
      12.33955556881022,
      13.572123903134607
    ],
    [
      13.572123903134607,
      12.33955556881022
    ],
    [
      15.0,
      11.339745962155614
    ],
    [
      16.57979856674331,
      10.603073792140917
    ],
    [
      18.263518223330696,
      10.15192246987792
    ],
    [
      20.0,
      10.0
    ],
    [
      21.736481776669304,
      10.15192246987792
    ],
    [
      23.420201433256686,
      10.603073792140915
    ],
    [
      25.0,
      11.339745962155611
    ],
    [
      26.427876096865393,
      12.33955556881022
    ],
    [
      27.66044443118978,
      13.572123903134605
    ],
    [
      28.66025403784439,
      15.0
    ],
    [
      29.39692620785908,
      16.57979856674331
    ],
    [
      29.848077530122083,
      18.2635182233307
    ],
    [
      10,
      35
    ],
    [
      12,
      35
    ],
    [
      14,
      35
    ],
    [
      16,
      35
    ],
    [
      18,
      35
    ],
    [
      20,
      35
    ],
    [
      22,
      35
    ],
    [
      24,
      35
    ],
    [
      26,
      35
    ],
    [
      28,
      35
    ],
    [
      30,
      35
    ]
  ],
  "obstacle_1": [
    [
      1,
      1
    ],
    [
      2,
      1
    ],
    [
      2,
      3
    ],
    [
      1,
      3
    ]
  ],
  "obstacle_2": [
    [
      0,
      13
    ],
    [
      2.0,
      12.19
    ],
    [
      2,
      15
    ],
    [
      0,
      15
    ]
  ],
  "obstacle_3": [
    [
      10,
      0
    ],
    [
      12,
      0
    ],
    [
      12,
      3
    ],
    [
      10,
      2
    ]
  ],
  "obstacle_4": [
    [
      6,
      5
    ],
    [
      9,
      5
    ],
    [
      9,
      10
    ],
    [
      6,
      10
    ],
    [
      5,
      7
    ]
  ],
  "obstacle_5": [
    [
      2,
      1
    ],
    [
      4.5,
      1
    ],
    [
      3.5,
      2
    ]
  ],
  "start_positions": [
    [
      30.0,
      20.0
    ],
    [
      29.84807753012208,
      21.736481776669304
    ],
    [
      29.396926207859085,
      23.420201433256686
    ],
    [
      28.66025403784439,
      25.0
    ],
    [
      27.66044443118978,
      26.427876096865393
    ],
    [
      26.427876096865393,
      27.66044443118978
    ],
    [
      25.0,
      28.660254037844386
    ],
    [
      23.42020143325669,
      29.39692620785908
    ],
    [
      21.736481776669304,
      29.84807753012208
    ],
    [
      20.0,
      30.0
    ],
    [
      18.263518223330696,
      29.84807753012208
    ],
    [
      16.579798566743314,
      29.396926207859085
    ],
    [
      15.000000000000002,
      28.66025403784439
    ],
    [
      13.572123903134607,
      27.66044443118978
    ],
    [
      12.339555568810221,
      26.427876096865397
    ],
    [
      11.339745962155613,
      25.0
    ],
    [
      10.603073792140917,
      23.42020143325669
    ],
    [
      10.151922469877919,
      21.7364817766693
    ],
    [
      10,
      5
    ],
    [
      12,
      5
    ],
    [
      14,
      5
    ],
    [
      16,
      5
    ],
    [
      18,
      5
    ],
    [
      20,
      5
    ],
    [
      22,
      5
    ],
    [
      24,
      5
    ],
    [
      26,
      5
    ],
    [
      28,
      5
    ],
    [
      30,
      5
    ]
  ],
  "vehicle_L": 2,
  "vehicle_a_max": 1.3,
  "vehicle_dt": 0.1,
  "vehicle_omega_max": 1.0,
  "vehicle_phi_max": 0.6,
  "vehicle_t": 0,
  "vehicle_v_max": 1.1
}